{"pycharm64.exe": 122.10058307647705, "python3.13.exe": 337.2830607891083, "firefox.exe": 1126.7173655033112, "Discord.exe": 9.003950595855713, "explorer.exe": 148.99895882606506, "Notepad.exe": 48.02428150177002, "Mullvad VPN.exe": 2.000983476638794, "Taskmgr.exe": 30.01230216026306, "SearchHost.exe": 5.003435373306274, "Spotify.exe": 12.03206491470337, "SnippingTool.exe": 18.012382984161377}