{"pycharm64.exe": 1753812079.984262, "python3.13.exe": 1753812074.964804, "firefox.exe": 1753812035.3212323, "explorer.exe": 1753812077.9725888, "Notepad.exe": 1753812070.9604957}